repo_id,type,action,user_type,merged,state,changed_files,deletions,additions,review_comments,author_association
658949840,PullRequestEvent,closed,User,TRUE,closed,7,38,224,2,CONTRIBUTOR
658949840,PullRequestEvent,closed,User,TRUE,closed,3,19,30,0,COLLABORATOR
658949840,PullRequestEvent,closed,User,TRUE,closed,3,19,30,0,COLLABORATOR
658949840,PullRequestEvent,closed,User,FALSE,closed,1,2,2,0,NONE
658949840,PullRequestEvent,closed,User,FALSE,closed,1,2,2,0,NONE
658949840,PullRequestEvent,closed,User,TRUE,closed,1,0,4,0,COLLABORATOR
658949840,PullRequestEvent,closed,User,TRUE,closed,1,0,4,0,COLLABORATOR
658949840,PullRequestEvent,closed,User,TRUE,closed,1,2,6,0,COLLABORATOR
658949840,PullRequestEvent,closed,User,TRUE,closed,1,2,6,0,COLLABORATOR
658949840,PullRequestEvent,closed,User,TRUE,closed,2,30,161,0,COLLABORATOR
658949840,PullRequestEvent,closed,User,TRUE,closed,2,30,161,0,COLLABORATOR
658949840,PullRequestEvent,closed,User,TRUE,closed,1,0,2,0,COLLABORATOR
658949840,PullRequestEvent,closed,User,TRUE,closed,1,0,2,0,COLLABORATOR
658949840,PullRequestEvent,opened,User,FALSE,open,6,4,58,0,COLLABORATOR
658949840,PullRequestEvent,opened,User,FALSE,open,6,4,58,0,COLLABORATOR
658949840,PullRequestEvent,closed,User,TRUE,closed,2,0,53,0,COLLABORATOR
658949840,PullRequestEvent,closed,User,TRUE,closed,2,0,53,0,COLLABORATOR
658949840,PullRequestEvent,closed,User,TRUE,closed,2,2,4,0,COLLABORATOR
658949840,PullRequestEvent,closed,User,TRUE,closed,2,2,4,0,COLLABORATOR
658949840,PullRequestEvent,closed,User,TRUE,closed,1,1,2,0,COLLABORATOR
658949840,PullRequestEvent,closed,User,TRUE,closed,1,1,2,0,COLLABORATOR
658949840,PullRequestEvent,closed,User,TRUE,closed,1,0,4,0,COLLABORATOR
658949840,PullRequestEvent,closed,User,TRUE,closed,1,0,4,0,COLLABORATOR
658949840,PullRequestEvent,closed,User,TRUE,closed,8,6,71,0,COLLABORATOR
658949840,PullRequestEvent,closed,User,TRUE,closed,8,6,71,0,COLLABORATOR
658949840,PullRequestEvent,closed,User,TRUE,closed,30,1603,95,1,CONTRIBUTOR
658949840,PullRequestEvent,closed,User,TRUE,closed,30,1603,95,1,CONTRIBUTOR
658949840,PullRequestEvent,closed,User,TRUE,closed,1,0,24,0,COLLABORATOR
658949840,PullRequestEvent,closed,User,TRUE,closed,1,0,24,0,COLLABORATOR
658949840,PullRequestEvent,closed,User,TRUE,closed,2,0,4,0,CONTRIBUTOR
658949840,PullRequestEvent,closed,User,TRUE,closed,2,0,4,0,CONTRIBUTOR
658949840,PullRequestEvent,closed,User,TRUE,closed,1,0,36,0,COLLABORATOR
658949840,PullRequestEvent,closed,User,TRUE,closed,1,0,36,0,COLLABORATOR
658949840,PullRequestEvent,closed,User,TRUE,closed,1,3,4,0,COLLABORATOR
658949840,PullRequestEvent,closed,User,TRUE,closed,1,3,4,0,COLLABORATOR
658949840,PullRequestEvent,closed,User,TRUE,closed,3,7,13,5,CONTRIBUTOR
658949840,PullRequestEvent,closed,User,TRUE,closed,3,7,13,5,CONTRIBUTOR
658949840,PullRequestEvent,closed,User,TRUE,closed,81,0,3092,0,NONE
658949840,PullRequestEvent,closed,User,TRUE,closed,81,0,3092,0,NONE
658949840,PullRequestEvent,opened,User,FALSE,open,1,17,2,0,COLLABORATOR
658949840,PullRequestEvent,opened,User,FALSE,open,1,17,2,0,COLLABORATOR
658949840,PullRequestEvent,closed,User,TRUE,closed,1,3,3,0,COLLABORATOR
658949840,PullRequestEvent,closed,User,TRUE,closed,1,3,3,0,COLLABORATOR
658949840,PullRequestEvent,closed,User,TRUE,closed,3,3,34,0,COLLABORATOR
658949840,PullRequestEvent,closed,User,TRUE,closed,3,3,34,0,COLLABORATOR
658949840,PullRequestEvent,closed,User,TRUE,closed,1,0,21,0,COLLABORATOR
658949840,PullRequestEvent,closed,User,TRUE,closed,1,0,21,0,COLLABORATOR
658949840,PullRequestEvent,closed,User,TRUE,closed,1,17,2,0,COLLABORATOR
658949840,PullRequestEvent,closed,User,TRUE,closed,1,17,2,0,COLLABORATOR
658949840,PullRequestEvent,opened,User,FALSE,open,36,72,1048,0,COLLABORATOR
658949840,PullRequestEvent,opened,User,FALSE,open,36,72,1048,0,COLLABORATOR
658949840,PullRequestEvent,closed,User,TRUE,closed,1,1,2,0,COLLABORATOR
658949840,PullRequestEvent,closed,User,TRUE,closed,1,1,2,0,COLLABORATOR
658949840,PullRequestEvent,closed,User,TRUE,closed,42,323,2121,0,COLLABORATOR
658949840,PullRequestEvent,closed,User,TRUE,closed,42,323,2121,0,COLLABORATOR
658949840,PullRequestEvent,closed,User,TRUE,closed,11,96,68,1,COLLABORATOR
658949840,PullRequestEvent,closed,User,TRUE,closed,3,1,95,17,NONE
658949840,PullRequestEvent,closed,User,TRUE,closed,3,1,95,17,NONE
658949840,PullRequestEvent,closed,User,TRUE,closed,1,0,49,0,COLLABORATOR
658949840,PullRequestEvent,closed,User,TRUE,closed,1,0,49,0,COLLABORATOR
658949840,PullRequestEvent,closed,User,TRUE,closed,1,1,1,0,NONE
658949840,PullRequestEvent,closed,User,TRUE,closed,1,1,1,0,NONE
658949840,PullRequestEvent,created,User,,open,,,,,CONTRIBUTOR
658949840,PullRequestEvent,created,User,,open,,,,,CONTRIBUTOR
658949840,PullRequestEvent,created,User,,open,,,,,CONTRIBUTOR
658949840,PullRequestEvent,created,User,,open,,,,,CONTRIBUTOR
658949840,PullRequestEvent,closed,User,TRUE,closed,7,14,52,2,CONTRIBUTOR
658949840,PullRequestEvent,closed,User,TRUE,closed,7,14,52,2,CONTRIBUTOR
658949840,PullRequestEvent,closed,User,TRUE,closed,13,51,121,0,COLLABORATOR
658949840,PullRequestEvent,closed,User,TRUE,closed,13,51,121,0,COLLABORATOR
658949840,PullRequestEvent,created,User,,open,,,,,CONTRIBUTOR
658949840,PullRequestEvent,opened,User,FALSE,open,21,48,141,0,CONTRIBUTOR
658949840,PullRequestEvent,closed,User,TRUE,closed,16,19,136,0,NONE
658949840,PullRequestEvent,closed,User,TRUE,closed,16,19,136,0,NONE
658949840,PullRequestEvent,opened,User,FALSE,open,5,7,129,0,NONE
658949840,PullRequestEvent,opened,User,FALSE,open,32,122,758,0,CONTRIBUTOR
658949840,PullRequestEvent,opened,User,FALSE,open,32,122,758,0,CONTRIBUTOR
658949840,PullRequestEvent,closed,User,TRUE,closed,1,1,1,0,OWNER
658949840,PullRequestEvent,closed,User,TRUE,closed,1,1,1,0,OWNER
658949840,PullRequestEvent,closed,User,TRUE,closed,1,2,3,0,COLLABORATOR
658949840,PullRequestEvent,closed,User,TRUE,closed,1,2,3,0,COLLABORATOR
658949840,PullRequestEvent,closed,User,TRUE,closed,1,0,1,0,OWNER
658949840,PullRequestEvent,closed,User,TRUE,closed,1,0,1,0,OWNER
658949840,PullRequestEvent,closed,User,TRUE,closed,1,2,6,0,COLLABORATOR
658949840,PullRequestEvent,closed,User,TRUE,closed,1,2,6,0,COLLABORATOR
658949840,PullRequestEvent,opened,User,FALSE,open,5,7,124,0,NONE
658949840,PullRequestEvent,opened,User,FALSE,open,5,7,124,0,NONE
658949840,PullRequestReviewEvent,opened,User,FALSE,open,1,0,4,0,CONTRIBUTOR
658949840,PullRequestEvent,opened,User,FALSE,open,1,0,34,0,NONE
658949840,PullRequestEvent,opened,User,FALSE,open,1,0,34,0,NONE
658949840,PullRequestEvent,closed,User,FALSE,closed,1,0,34,0,NONE
658949840,PullRequestEvent,closed,User,FALSE,closed,1,0,34,0,NONE
658949840,PullRequestReviewEvent,closed,User,TRUE,closed,1,0,4,0,CONTRIBUTOR
658949840,PullRequestEvent,closed,User,TRUE,closed,1,1,1,0,NONE
658949840,PullRequestEvent,closed,User,TRUE,closed,1,1,1,0,NONE
658949840,PullRequestEvent,closed,User,FALSE,closed,5,7,124,0,NONE
658949840,PullRequestEvent,closed,User,FALSE,closed,5,7,124,0,NONE
658949840,PullRequestEvent,closed,User,TRUE,closed,1,0,220,0,COLLABORATOR
658949840,PullRequestEvent,closed,User,TRUE,closed,1,0,220,0,COLLABORATOR
658949840,PullRequestEvent,closed,User,TRUE,closed,1,1,2,0,COLLABORATOR
658949840,PullRequestEvent,closed,User,TRUE,closed,1,1,2,0,COLLABORATOR
658949840,PullRequestReviewEvent,opened,Bot,FALSE,open,2,13637,19216,0,CONTRIBUTOR
658949840,PullRequestReviewEvent,closed,User,TRUE,closed,2,1,7,0,CONTRIBUTOR
658949840,PullRequestReviewEvent,closed,User,TRUE,closed,2,1,7,0,CONTRIBUTOR
658949840,PullRequestEvent,closed,User,TRUE,closed,3,15,35,0,COLLABORATOR
658949840,PullRequestEvent,closed,User,TRUE,closed,3,15,35,0,COLLABORATOR
658949840,PullRequestEvent,closed,User,TRUE,closed,4,4,4,0,COLLABORATOR
658949840,PullRequestEvent,closed,User,TRUE,closed,4,4,4,0,COLLABORATOR
658949840,PullRequestEvent,closed,User,TRUE,closed,1,2,2,0,COLLABORATOR
658949840,PullRequestEvent,closed,User,TRUE,closed,1,2,2,0,COLLABORATOR
658949840,PullRequestEvent,closed,User,TRUE,closed,1,0,6,0,COLLABORATOR
658949840,PullRequestEvent,closed,User,TRUE,closed,1,0,6,0,COLLABORATOR
658949840,PullRequestEvent,opened,User,FALSE,open,5,4,52,0,COLLABORATOR
658949840,PullRequestEvent,opened,User,FALSE,open,5,4,52,0,COLLABORATOR
658949840,PullRequestEvent,closed,User,TRUE,closed,6,69,195,0,COLLABORATOR
658949840,PullRequestEvent,closed,User,TRUE,closed,6,69,195,0,COLLABORATOR
658949840,PullRequestEvent,closed,User,TRUE,closed,1,1,8,0,OWNER
658949840,PullRequestEvent,closed,User,TRUE,closed,1,1,8,0,OWNER
658949840,PullRequestEvent,closed,User,TRUE,closed,1,0,6,0,NONE
658949840,PullRequestEvent,closed,User,TRUE,closed,1,0,6,0,NONE
658949840,PullRequestEvent,closed,User,TRUE,closed,1,5,1,0,COLLABORATOR
658949840,PullRequestEvent,closed,User,TRUE,closed,1,5,1,0,COLLABORATOR
658949840,PullRequestEvent,closed,User,TRUE,closed,1,0,3,0,COLLABORATOR
658949840,PullRequestEvent,closed,User,TRUE,closed,1,0,3,0,COLLABORATOR
658949840,PullRequestEvent,closed,User,TRUE,closed,8,99,138,0,COLLABORATOR
658949840,PullRequestEvent,closed,User,TRUE,closed,8,99,138,0,COLLABORATOR
658949840,PullRequestEvent,closed,User,TRUE,closed,1,1,1,0,COLLABORATOR
658949840,PullRequestEvent,closed,User,TRUE,closed,1,1,1,0,COLLABORATOR
658949840,PullRequestEvent,opened,User,FALSE,open,2,1,7,0,COLLABORATOR
658949840,PullRequestEvent,opened,User,FALSE,open,2,1,7,0,COLLABORATOR
658949840,PullRequestEvent,closed,User,TRUE,closed,4,5,13,0,COLLABORATOR
658949840,PullRequestEvent,closed,User,TRUE,closed,4,5,13,0,COLLABORATOR
658949840,PullRequestEvent,closed,User,TRUE,closed,5,441,58,0,COLLABORATOR
658949840,PullRequestEvent,closed,User,TRUE,closed,5,441,58,0,COLLABORATOR
658949840,PullRequestEvent,closed,User,TRUE,closed,1,6,4,0,CONTRIBUTOR
658949840,PullRequestEvent,closed,User,TRUE,closed,1,6,4,0,CONTRIBUTOR
658949840,PullRequestEvent,closed,User,TRUE,closed,4,10,45,2,NONE
658949840,PullRequestEvent,closed,User,TRUE,closed,1,1,1,0,COLLABORATOR
658949840,PullRequestEvent,closed,User,TRUE,closed,1,1,1,0,COLLABORATOR
658949840,PullRequestEvent,opened,User,FALSE,open,4,51,95,0,COLLABORATOR
658949840,PullRequestEvent,closed,User,TRUE,closed,51,8,31652,0,COLLABORATOR
658949840,PullRequestEvent,closed,User,TRUE,closed,51,8,31652,0,COLLABORATOR
658949840,PullRequestEvent,closed,User,TRUE,closed,1,1,1,0,NONE
658949840,PullRequestEvent,closed,User,TRUE,closed,1,1,1,0,NONE
658949840,PullRequestEvent,closed,User,TRUE,closed,1,1,1,0,NONE
658949840,PullRequestEvent,closed,User,TRUE,closed,1,1,1,0,NONE
658949840,PullRequestEvent,closed,User,TRUE,closed,3,1,31,0,COLLABORATOR
658949840,PullRequestEvent,closed,User,TRUE,closed,3,1,31,0,COLLABORATOR
658949840,PullRequestEvent,closed,User,TRUE,closed,1,1,0,0,CONTRIBUTOR
658949840,PullRequestEvent,closed,User,TRUE,closed,1,1,0,0,CONTRIBUTOR
658949840,PullRequestEvent,closed,User,TRUE,closed,1,5,6,0,COLLABORATOR
658949840,PullRequestEvent,closed,User,TRUE,closed,1,5,6,0,COLLABORATOR
658949840,PullRequestEvent,opened,User,FALSE,open,1,0,3,0,NONE
658949840,PullRequestEvent,opened,User,FALSE,open,1,0,3,0,NONE
658949840,PullRequestEvent,closed,User,TRUE,closed,1,1,8,0,COLLABORATOR
658949840,PullRequestEvent,closed,User,TRUE,closed,1,1,8,0,COLLABORATOR
658949840,PullRequestEvent,closed,User,TRUE,closed,2,1,12,6,NONE
658949840,PullRequestEvent,closed,User,TRUE,closed,2,1,12,6,NONE
658949840,PullRequestEvent,opened,User,FALSE,open,203,39893,0,0,NONE
658949840,PullRequestEvent,opened,User,FALSE,open,203,39893,0,0,NONE
658949840,PullRequestEvent,closed,User,TRUE,closed,14,3,663,0,OWNER
658949840,PullRequestEvent,closed,User,TRUE,closed,14,3,663,0,OWNER
658949840,PullRequestEvent,created,User,,open,,,,,CONTRIBUTOR
658949840,PullRequestEvent,created,User,,open,,,,,CONTRIBUTOR
658949840,PullRequestEvent,closed,User,TRUE,closed,16,11733,25217,4,COLLABORATOR
658949840,PullRequestEvent,closed,User,TRUE,closed,16,11733,25217,4,COLLABORATOR
658949840,PullRequestEvent,closed,User,TRUE,closed,1,0,10,0,COLLABORATOR
658949840,PullRequestEvent,closed,User,TRUE,closed,1,0,10,0,COLLABORATOR
658949840,PullRequestEvent,closed,User,TRUE,closed,1,2,2,2,NONE
658949840,PullRequestEvent,closed,User,TRUE,closed,1,0,30,0,COLLABORATOR
658949840,PullRequestEvent,closed,User,TRUE,closed,1,0,30,0,COLLABORATOR
658949840,PullRequestEvent,closed,User,TRUE,closed,2,6,2,0,COLLABORATOR
658949840,PullRequestEvent,closed,User,TRUE,closed,2,6,2,0,COLLABORATOR
658949840,PullRequestEvent,closed,User,TRUE,closed,1,0,1,0,COLLABORATOR
658949840,PullRequestEvent,closed,User,TRUE,closed,1,0,1,0,COLLABORATOR
658949840,PullRequestEvent,closed,User,TRUE,closed,4,3,31,0,COLLABORATOR
658949840,PullRequestEvent,closed,User,TRUE,closed,4,3,31,0,COLLABORATOR
658949840,PullRequestEvent,closed,User,TRUE,closed,2,2,4,0,COLLABORATOR
658949840,PullRequestEvent,closed,User,TRUE,closed,2,2,4,0,COLLABORATOR
658949840,PullRequestEvent,closed,User,TRUE,closed,3,7,7,0,COLLABORATOR
658949840,PullRequestEvent,closed,User,TRUE,closed,3,7,7,0,COLLABORATOR
658949840,PullRequestEvent,closed,User,TRUE,closed,4,0,85,0,COLLABORATOR
658949840,PullRequestEvent,closed,User,TRUE,closed,4,0,85,0,COLLABORATOR
658949840,PullRequestEvent,closed,User,FALSE,closed,1,0,4,0,COLLABORATOR
658949840,PullRequestEvent,closed,User,FALSE,closed,1,0,4,0,COLLABORATOR
658949840,PullRequestEvent,closed,User,TRUE,closed,6,6,77,7,CONTRIBUTOR
658949840,PullRequestEvent,closed,User,TRUE,closed,6,6,77,7,CONTRIBUTOR
658949840,PullRequestEvent,closed,User,TRUE,closed,1,4,2,0,COLLABORATOR
658949840,PullRequestEvent,closed,User,TRUE,closed,1,4,2,0,COLLABORATOR
658949840,PullRequestEvent,closed,User,TRUE,closed,3,2,29,0,COLLABORATOR
658949840,PullRequestEvent,closed,User,TRUE,closed,3,2,29,0,COLLABORATOR
658949840,PullRequestEvent,closed,User,TRUE,closed,2,37,84,0,COLLABORATOR
658949840,PullRequestEvent,closed,User,TRUE,closed,2,37,84,0,COLLABORATOR
658949840,PullRequestEvent,closed,User,TRUE,closed,14,388,35,0,OWNER
658949840,PullRequestEvent,closed,User,TRUE,closed,14,388,35,0,OWNER
658949840,PullRequestEvent,closed,User,TRUE,closed,3,12,17,0,COLLABORATOR
658949840,PullRequestEvent,closed,User,TRUE,closed,3,12,17,0,COLLABORATOR
658949840,PullRequestEvent,closed,User,TRUE,closed,22,371,1284,0,COLLABORATOR
658949840,PullRequestEvent,closed,User,TRUE,closed,22,371,1284,0,COLLABORATOR
658949840,PullRequestEvent,closed,User,TRUE,closed,1,1,1,0,OWNER
658949840,PullRequestEvent,closed,User,TRUE,closed,1,1,1,0,OWNER
658949840,PullRequestEvent,closed,User,TRUE,closed,3,30,46,0,CONTRIBUTOR
658949840,PullRequestEvent,closed,User,TRUE,closed,3,30,46,0,CONTRIBUTOR
658949840,PullRequestEvent,opened,User,FALSE,open,1,2,2,0,COLLABORATOR
658949840,PullRequestEvent,closed,User,TRUE,closed,2,6,24,0,COLLABORATOR
658949840,PullRequestEvent,closed,User,TRUE,closed,2,6,24,0,COLLABORATOR
658949840,PullRequestEvent,closed,User,TRUE,closed,11,0,1479,0,NONE
658949840,PullRequestEvent,closed,User,TRUE,closed,11,0,1479,0,NONE
658949840,PullRequestEvent,closed,User,TRUE,closed,1,0,5,0,NONE
658949840,PullRequestEvent,closed,User,TRUE,closed,1,0,5,0,NONE
658949840,PullRequestEvent,closed,User,TRUE,closed,4,0,45,0,OWNER
658949840,PullRequestEvent,closed,User,TRUE,closed,4,0,45,0,OWNER
658949840,PullRequestEvent,opened,User,FALSE,open,5,6,106,0,COLLABORATOR
658949840,PullRequestEvent,opened,User,FALSE,open,5,6,106,0,COLLABORATOR
658949840,PullRequestEvent,closed,User,TRUE,closed,2,14,22,0,COLLABORATOR
658949840,PullRequestEvent,closed,User,TRUE,closed,2,14,22,0,COLLABORATOR
658949840,PullRequestEvent,closed,User,TRUE,closed,1,1,5,0,COLLABORATOR
658949840,PullRequestEvent,closed,User,TRUE,closed,1,1,5,0,COLLABORATOR
658949840,PullRequestEvent,closed,User,TRUE,closed,5,16,22,0,COLLABORATOR
658949840,PullRequestEvent,closed,User,TRUE,closed,5,16,22,0,COLLABORATOR
658949840,PullRequestEvent,closed,User,TRUE,closed,1,0,2,0,CONTRIBUTOR
658949840,PullRequestEvent,closed,User,TRUE,closed,1,0,2,0,CONTRIBUTOR
658949840,PullRequestEvent,closed,User,TRUE,closed,1,0,5,0,CONTRIBUTOR
658949840,PullRequestEvent,closed,User,TRUE,closed,1,0,5,0,CONTRIBUTOR
658949840,PullRequestEvent,closed,User,FALSE,closed,0,0,0,13,NONE
658949840,PullRequestEvent,closed,User,FALSE,closed,0,0,0,13,NONE
658949840,PullRequestEvent,closed,User,TRUE,closed,1,1,4,0,COLLABORATOR
658949840,PullRequestEvent,created,User,,open,,,,,CONTRIBUTOR
658949840,PullRequestEvent,created,User,,open,,,,,CONTRIBUTOR
658949840,PullRequestEvent,closed,User,TRUE,closed,1,1,1,0,OWNER
658949840,PullRequestEvent,closed,User,TRUE,closed,1,1,1,0,OWNER
658949840,PullRequestEvent,closed,User,TRUE,closed,2,0,143,0,COLLABORATOR
658949840,PullRequestEvent,closed,User,TRUE,closed,2,0,143,0,COLLABORATOR
658949840,PullRequestEvent,opened,User,FALSE,open,1,2,2,0,NONE
658949840,PullRequestEvent,closed,User,TRUE,closed,1,0,26,0,COLLABORATOR
658949840,PullRequestEvent,closed,User,TRUE,closed,1,0,26,0,COLLABORATOR
658949840,PullRequestEvent,closed,User,TRUE,closed,4,2,58,0,COLLABORATOR
658949840,PullRequestEvent,closed,User,TRUE,closed,4,2,58,0,COLLABORATOR
658949840,PullRequestEvent,closed,User,TRUE,closed,13,30748,10377,0,NONE
658949840,PullRequestEvent,closed,User,TRUE,closed,13,30748,10377,0,NONE
658949840,PullRequestEvent,closed,User,TRUE,closed,1,1,1,0,OWNER
658949840,PullRequestEvent,closed,User,TRUE,closed,1,1,1,0,OWNER
658949840,PullRequestEvent,closed,User,TRUE,closed,2,2,2,0,COLLABORATOR
658949840,PullRequestEvent,closed,User,TRUE,closed,2,2,2,0,COLLABORATOR
658949840,PullRequestEvent,created,User,,open,,,,,COLLABORATOR
658949840,PullRequestEvent,created,User,,open,,,,,COLLABORATOR
658949840,PullRequestEvent,opened,User,FALSE,open,29,1603,61,0,CONTRIBUTOR
658949840,PullRequestEvent,opened,User,FALSE,open,29,1603,61,0,CONTRIBUTOR
658949840,PullRequestEvent,closed,User,TRUE,closed,1,4,3,0,COLLABORATOR
658949840,PullRequestEvent,closed,User,TRUE,closed,1,4,3,0,COLLABORATOR
658949840,PullRequestEvent,closed,User,TRUE,closed,1,0,2,0,OWNER
658949840,PullRequestEvent,closed,User,TRUE,closed,1,0,2,0,OWNER
658949840,PullRequestEvent,closed,User,TRUE,closed,1,8,8,0,COLLABORATOR
658949840,PullRequestEvent,closed,User,TRUE,closed,1,8,8,0,COLLABORATOR
658949840,PullRequestEvent,closed,User,TRUE,closed,2,2,59,0,COLLABORATOR
658949840,PullRequestEvent,closed,User,TRUE,closed,2,2,59,0,COLLABORATOR
658949840,PullRequestEvent,created,User,,open,,,,,CONTRIBUTOR
658949840,PullRequestEvent,created,User,,open,,,,,CONTRIBUTOR
658949840,PullRequestEvent,opened,User,FALSE,open,2,13,106,0,NONE
658949840,PullRequestEvent,opened,User,FALSE,open,2,13,106,0,NONE
658949840,PullRequestEvent,closed,User,TRUE,closed,5,17,37,7,CONTRIBUTOR
658949840,PullRequestEvent,closed,User,TRUE,closed,5,17,37,7,CONTRIBUTOR
658949840,PullRequestEvent,closed,User,TRUE,closed,1,0,17,0,COLLABORATOR
658949840,PullRequestEvent,closed,User,TRUE,closed,1,0,17,0,COLLABORATOR
658949840,PullRequestEvent,created,User,,open,,,,,NONE
658949840,PullRequestEvent,created,User,,open,,,,,NONE
658949840,PullRequestEvent,created,User,,open,,,,,NONE
658949840,PullRequestEvent,created,User,,open,,,,,NONE
658949840,PullRequestEvent,created,User,,open,,,,,COLLABORATOR
658949840,PullRequestEvent,created,User,,open,,,,,COLLABORATOR
658949840,PullRequestEvent,closed,User,TRUE,closed,1,8,13,0,COLLABORATOR
658949840,PullRequestEvent,closed,User,TRUE,closed,1,8,13,0,COLLABORATOR
658949840,PullRequestEvent,closed,User,TRUE,closed,1,14,18,0,COLLABORATOR
658949840,PullRequestEvent,closed,User,TRUE,closed,1,14,18,0,COLLABORATOR
658949840,PullRequestEvent,closed,User,TRUE,closed,4,1,30,0,COLLABORATOR
658949840,PullRequestEvent,closed,User,TRUE,closed,4,1,30,0,COLLABORATOR
658949840,PullRequestEvent,created,User,,open,,,,,NONE
658949840,PullRequestEvent,created,User,,open,,,,,NONE
658949840,PullRequestEvent,opened,User,FALSE,open,1,10,23,0,COLLABORATOR
658949840,PullRequestEvent,closed,User,TRUE,closed,4,14,8,0,COLLABORATOR
658949840,PullRequestEvent,closed,User,TRUE,closed,4,14,8,0,COLLABORATOR
658949840,PullRequestEvent,closed,User,TRUE,closed,2,3,3,0,COLLABORATOR
658949840,PullRequestEvent,closed,User,TRUE,closed,2,3,3,0,COLLABORATOR
658949840,PullRequestEvent,closed,User,TRUE,closed,1,2,2,0,OWNER
658949840,PullRequestEvent,closed,User,TRUE,closed,1,2,2,0,OWNER
658949840,PullRequestEvent,closed,User,TRUE,closed,6,22,186,0,COLLABORATOR
658949840,PullRequestEvent,closed,User,TRUE,closed,6,22,186,0,COLLABORATOR
658949840,PullRequestEvent,opened,User,FALSE,open,4,2,179,0,NONE
658949840,PullRequestEvent,created,User,,open,,,,,CONTRIBUTOR
658949840,PullRequestEvent,closed,User,TRUE,closed,2,0,76,0,OWNER
658949840,PullRequestEvent,closed,User,TRUE,closed,2,0,76,0,OWNER
658949840,PullRequestEvent,closed,User,TRUE,closed,18,122,665,0,COLLABORATOR
658949840,PullRequestEvent,closed,User,TRUE,closed,18,122,665,0,COLLABORATOR
658949840,PullRequestEvent,closed,User,FALSE,closed,1,0,33,0,NONE
658949840,PullRequestEvent,closed,User,FALSE,closed,1,0,33,0,NONE
658949840,PullRequestEvent,closed,User,TRUE,closed,1,1,3,0,COLLABORATOR
658949840,PullRequestEvent,closed,User,TRUE,closed,1,1,3,0,COLLABORATOR
658949840,PullRequestEvent,closed,User,TRUE,closed,1,3,3,0,COLLABORATOR
658949840,PullRequestEvent,closed,User,TRUE,closed,1,3,3,0,COLLABORATOR
658949840,PullRequestEvent,closed,User,TRUE,closed,12,141,231,0,COLLABORATOR
658949840,PullRequestEvent,closed,User,TRUE,closed,12,141,231,0,COLLABORATOR
658949840,PullRequestEvent,closed,User,TRUE,closed,3,3,9,0,COLLABORATOR
658949840,PullRequestEvent,closed,User,TRUE,closed,3,3,9,0,COLLABORATOR
658949840,PullRequestReviewEvent,opened,User,FALSE,open,1,0,1,0,OWNER
658949840,PullRequestReviewEvent,opened,User,FALSE,open,8,4,484,0,OWNER
658949840,PullRequestEvent,closed,User,TRUE,closed,1,1,1,0,OWNER
658949840,PullRequestEvent,closed,User,TRUE,closed,1,1,1,0,OWNER
658949840,PullRequestEvent,closed,User,FALSE,closed,1,0,34,0,NONE
658949840,PullRequestEvent,closed,User,FALSE,closed,1,0,34,0,NONE
658949840,PullRequestEvent,opened,User,FALSE,open,1,0,1,0,COLLABORATOR
658949840,PullRequestEvent,closed,User,TRUE,closed,38,11009,5685,0,COLLABORATOR
658949840,PullRequestEvent,closed,User,TRUE,closed,38,11009,5685,0,COLLABORATOR
658949840,PullRequestEvent,opened,User,FALSE,open,1,2,2,0,NONE
658949840,PullRequestEvent,opened,User,FALSE,open,1,2,2,0,NONE
658949840,PullRequestEvent,closed,User,TRUE,closed,1,2,2,0,NONE
658949840,PullRequestEvent,closed,User,TRUE,closed,1,2,2,0,NONE
658949840,PullRequestReviewEvent,opened,User,FALSE,open,2,26,8,0,CONTRIBUTOR
658949840,PullRequestReviewEvent,closed,Bot,FALSE,closed,1,3,3,0,NONE
658949840,PullRequestEvent,closed,User,TRUE,closed,1,0,4,0,OWNER
658949840,PullRequestEvent,closed,User,TRUE,closed,1,0,4,0,OWNER
658949840,PullRequestEvent,closed,User,TRUE,closed,8,20,96,0,COLLABORATOR
658949840,PullRequestEvent,closed,User,TRUE,closed,8,20,96,0,COLLABORATOR
658949840,PullRequestEvent,closed,User,TRUE,closed,2,7,19,0,COLLABORATOR
658949840,PullRequestEvent,closed,User,TRUE,closed,2,7,19,0,COLLABORATOR
658949840,PullRequestEvent,closed,User,TRUE,closed,1,1,1,0,COLLABORATOR
658949840,PullRequestEvent,closed,User,TRUE,closed,1,1,1,0,COLLABORATOR
658949840,PullRequestEvent,closed,User,TRUE,closed,9,0,518,0,COLLABORATOR
658949840,PullRequestEvent,closed,User,TRUE,closed,9,0,518,0,COLLABORATOR
658949840,PullRequestEvent,closed,User,TRUE,closed,6,5,53,0,COLLABORATOR
658949840,PullRequestEvent,closed,User,TRUE,closed,6,5,53,0,COLLABORATOR
658949840,PullRequestEvent,closed,User,TRUE,closed,1,1,1,0,NONE
658949840,PullRequestEvent,closed,User,TRUE,closed,1,1,1,0,NONE
658949840,PullRequestEvent,opened,User,FALSE,open,2,0,83,0,COLLABORATOR
658949840,PullRequestEvent,closed,User,TRUE,closed,2,1,2,0,COLLABORATOR
658949840,PullRequestEvent,closed,User,TRUE,closed,2,1,2,0,COLLABORATOR
658949840,PullRequestEvent,closed,User,TRUE,closed,1,20,20,0,COLLABORATOR
658949840,PullRequestEvent,closed,User,TRUE,closed,1,20,20,0,COLLABORATOR
658949840,PullRequestEvent,closed,User,TRUE,closed,1,3,4,0,COLLABORATOR
658949840,PullRequestEvent,closed,User,FALSE,closed,132,7056,0,0,NONE
658949840,PullRequestEvent,closed,User,FALSE,closed,132,7056,0,0,NONE
658949840,PullRequestEvent,closed,User,TRUE,closed,3,7,35,0,COLLABORATOR
658949840,PullRequestEvent,closed,User,TRUE,closed,3,7,35,0,COLLABORATOR
658949840,PullRequestEvent,closed,User,TRUE,closed,1,0,16,0,COLLABORATOR
658949840,PullRequestEvent,closed,User,TRUE,closed,1,0,16,0,COLLABORATOR
658949840,PullRequestEvent,opened,User,FALSE,open,9,14,28,0,NONE
658949840,PullRequestEvent,opened,User,FALSE,open,9,14,28,0,NONE
658949840,PullRequestEvent,closed,User,TRUE,closed,1,2,2,0,NONE
658949840,PullRequestEvent,closed,User,TRUE,closed,1,2,2,0,NONE
658949840,PullRequestEvent,closed,User,TRUE,closed,1,0,22,0,COLLABORATOR
658949840,PullRequestEvent,closed,User,TRUE,closed,1,0,22,0,COLLABORATOR
658949840,PullRequestEvent,created,User,,open,,,,,COLLABORATOR
658949840,PullRequestEvent,created,User,,open,,,,,COLLABORATOR
658949840,PullRequestEvent,closed,User,TRUE,closed,1,0,2,0,COLLABORATOR
658949840,PullRequestEvent,closed,User,TRUE,closed,1,0,2,0,COLLABORATOR
658949840,PullRequestEvent,closed,User,TRUE,closed,1,1,1,2,CONTRIBUTOR
658949840,PullRequestEvent,closed,User,TRUE,closed,1,1,1,0,NONE
658949840,PullRequestEvent,closed,User,TRUE,closed,1,1,1,0,NONE
658949840,PullRequestEvent,closed,User,FALSE,closed,1,1,1,0,CONTRIBUTOR
658949840,PullRequestEvent,closed,User,FALSE,closed,1,1,1,0,CONTRIBUTOR
658949840,PullRequestEvent,opened,User,FALSE,open,1,0,1,0,NONE
658949840,PullRequestEvent,opened,User,FALSE,open,1,0,1,0,NONE
658949840,PullRequestEvent,closed,User,TRUE,closed,1,0,2,0,CONTRIBUTOR
658949840,PullRequestEvent,closed,User,TRUE,closed,1,0,2,0,CONTRIBUTOR
658949840,PullRequestEvent,closed,User,TRUE,closed,1,4,5,0,COLLABORATOR
658949840,PullRequestEvent,closed,User,TRUE,closed,1,4,5,0,COLLABORATOR
658949840,PullRequestEvent,closed,User,TRUE,closed,4,6,181,5,COLLABORATOR
658949840,PullRequestEvent,opened,User,FALSE,open,4,0,86,0,COLLABORATOR
658949840,PullRequestEvent,opened,User,FALSE,open,4,0,86,0,COLLABORATOR
658949840,PullRequestEvent,opened,User,FALSE,open,1,0,4,0,COLLABORATOR
658949840,PullRequestEvent,opened,User,FALSE,open,1,0,4,0,COLLABORATOR
658949840,PullRequestEvent,closed,User,TRUE,closed,3,3,23,0,COLLABORATOR
658949840,PullRequestEvent,closed,User,TRUE,closed,3,3,23,0,COLLABORATOR
658949840,PullRequestEvent,created,User,,open,,,,,NONE
658949840,PullRequestEvent,created,User,,open,,,,,NONE
658949840,PullRequestEvent,closed,User,FALSE,closed,8,16,84,0,OWNER
658949840,PullRequestEvent,closed,User,TRUE,closed,1,1,2,0,COLLABORATOR
658949840,PullRequestEvent,closed,User,TRUE,closed,1,1,2,0,COLLABORATOR
658949840,PullRequestEvent,closed,User,TRUE,closed,1,11,73,0,COLLABORATOR
658949840,PullRequestEvent,closed,User,TRUE,closed,1,11,73,0,COLLABORATOR
658949840,PullRequestEvent,closed,User,TRUE,closed,13,24,131,1,COLLABORATOR
658949840,PullRequestEvent,closed,User,TRUE,closed,13,24,131,1,COLLABORATOR
658949840,PullRequestEvent,closed,User,TRUE,closed,1,0,1,0,COLLABORATOR
658949840,PullRequestEvent,closed,User,TRUE,closed,1,0,1,0,COLLABORATOR
658949840,PullRequestEvent,opened,User,FALSE,open,8,56,125,0,COLLABORATOR
658949840,PullRequestEvent,opened,User,FALSE,open,8,56,125,0,COLLABORATOR
658949840,PullRequestEvent,closed,User,TRUE,closed,3,2,31,0,COLLABORATOR
658949840,PullRequestEvent,closed,User,TRUE,closed,3,2,31,0,COLLABORATOR
658949840,PullRequestEvent,closed,User,TRUE,closed,1,7,6,0,COLLABORATOR
658949840,PullRequestEvent,closed,User,TRUE,closed,1,7,6,0,COLLABORATOR
658949840,PullRequestEvent,closed,User,TRUE,closed,1,1,1,0,COLLABORATOR
658949840,PullRequestEvent,closed,User,TRUE,closed,1,1,1,0,COLLABORATOR
658949840,PullRequestEvent,closed,User,TRUE,closed,5,5,44,0,COLLABORATOR
658949840,PullRequestEvent,closed,User,TRUE,closed,5,5,44,0,COLLABORATOR
658949840,PullRequestEvent,closed,User,TRUE,closed,6,90,163,0,COLLABORATOR
658949840,PullRequestEvent,closed,User,TRUE,closed,6,90,163,0,COLLABORATOR
658949840,PullRequestEvent,closed,User,TRUE,closed,7,9,86,0,COLLABORATOR
658949840,PullRequestEvent,closed,User,TRUE,closed,7,9,86,0,COLLABORATOR
658949840,PullRequestEvent,closed,User,TRUE,closed,6,1,73,0,OWNER
658949840,PullRequestEvent,closed,User,TRUE,closed,6,1,73,0,OWNER
658949840,PullRequestEvent,closed,User,TRUE,closed,2,2,19,0,COLLABORATOR
658949840,PullRequestEvent,closed,User,TRUE,closed,2,2,19,0,COLLABORATOR
658949840,PullRequestEvent,closed,User,TRUE,closed,8,56,125,0,COLLABORATOR
658949840,PullRequestEvent,closed,User,TRUE,closed,8,56,125,0,COLLABORATOR
658949840,PullRequestEvent,closed,User,FALSE,closed,22,360,1273,0,COLLABORATOR
658949840,PullRequestEvent,closed,User,FALSE,closed,22,360,1273,0,COLLABORATOR
658949840,PullRequestEvent,created,User,,open,,,,,NONE
658949840,PullRequestEvent,created,User,,open,,,,,NONE
658949840,PullRequestEvent,created,User,,open,,,,,NONE
658949840,PullRequestEvent,created,User,,open,,,,,NONE
658949840,PullRequestEvent,closed,User,TRUE,closed,2,2,9,0,COLLABORATOR
658949840,PullRequestEvent,closed,User,TRUE,closed,2,2,9,0,COLLABORATOR
658949840,PullRequestEvent,closed,User,TRUE,closed,2,0,21,0,COLLABORATOR
658949840,PullRequestEvent,closed,User,TRUE,closed,2,0,21,0,COLLABORATOR
658949840,PullRequestEvent,opened,User,FALSE,open,3,2,30,0,COLLABORATOR
658949840,PullRequestEvent,opened,User,FALSE,open,3,2,30,0,COLLABORATOR
658949840,PullRequestEvent,closed,User,TRUE,closed,3,5,7,0,COLLABORATOR
658949840,PullRequestEvent,closed,User,TRUE,closed,3,5,7,0,COLLABORATOR
658949840,PullRequestEvent,closed,User,TRUE,closed,7,7,54,0,COLLABORATOR
658949840,PullRequestEvent,closed,User,TRUE,closed,7,7,54,0,COLLABORATOR
658949840,PullRequestEvent,opened,User,FALSE,open,1,0,32,0,COLLABORATOR
658949840,PullRequestEvent,opened,User,FALSE,open,1,0,32,0,COLLABORATOR
658949840,PullRequestEvent,closed,User,TRUE,closed,1,0,33,0,COLLABORATOR
658949840,PullRequestEvent,closed,User,TRUE,closed,1,0,33,0,COLLABORATOR
658949840,PullRequestEvent,closed,User,TRUE,closed,3,0,90,5,NONE
658949840,PullRequestEvent,closed,User,TRUE,closed,3,0,90,5,NONE
658949840,PullRequestEvent,opened,User,FALSE,open,1,0,2,0,CONTRIBUTOR
658949840,PullRequestEvent,opened,User,FALSE,open,1,0,2,0,CONTRIBUTOR
658949840,PullRequestEvent,closed,User,TRUE,closed,1,0,37,0,COLLABORATOR
658949840,PullRequestEvent,closed,User,TRUE,closed,1,0,37,0,COLLABORATOR
658949840,PullRequestEvent,closed,User,TRUE,closed,5,21,324,0,COLLABORATOR
658949840,PullRequestEvent,closed,User,TRUE,closed,5,21,324,0,COLLABORATOR
658949840,PullRequestEvent,closed,User,TRUE,closed,7,103,3247,1,NONE
658949840,PullRequestEvent,closed,User,TRUE,closed,7,103,3247,1,NONE
658949840,PullRequestEvent,opened,User,FALSE,open,9,23,72,0,CONTRIBUTOR
658949840,PullRequestEvent,opened,User,FALSE,open,9,23,72,0,CONTRIBUTOR
658949840,PullRequestEvent,closed,User,TRUE,closed,4,0,55,0,NONE
658949840,PullRequestEvent,closed,User,TRUE,closed,4,0,55,0,NONE
658949840,PullRequestEvent,closed,User,TRUE,closed,1,1,4,0,COLLABORATOR
658949840,PullRequestEvent,opened,User,FALSE,open,2,22,26,0,CONTRIBUTOR
658949840,PullRequestEvent,opened,User,FALSE,open,8,9,30,0,COLLABORATOR
658949840,PullRequestEvent,opened,User,FALSE,open,8,9,30,0,COLLABORATOR
658949840,PullRequestEvent,closed,User,TRUE,closed,4,1,15,0,COLLABORATOR
658949840,PullRequestEvent,closed,User,TRUE,closed,4,1,15,0,COLLABORATOR
658949840,PullRequestEvent,closed,User,TRUE,closed,2,1,14,0,COLLABORATOR
658949840,PullRequestEvent,closed,User,TRUE,closed,2,1,14,0,COLLABORATOR
658949840,PullRequestEvent,closed,User,TRUE,closed,5,32,57,0,COLLABORATOR
658949840,PullRequestEvent,closed,User,TRUE,closed,5,32,57,0,COLLABORATOR
658949840,PullRequestEvent,closed,User,TRUE,closed,2,0,5,0,COLLABORATOR
658949840,PullRequestEvent,closed,User,TRUE,closed,2,0,5,0,COLLABORATOR
658949840,PullRequestEvent,closed,User,TRUE,closed,9,88,427,3,COLLABORATOR
658949840,PullRequestEvent,closed,User,TRUE,closed,9,88,427,3,COLLABORATOR
658949840,PullRequestEvent,closed,User,TRUE,closed,4,5,12,0,COLLABORATOR
658949840,PullRequestEvent,closed,User,TRUE,closed,4,5,12,0,COLLABORATOR
658949840,PullRequestEvent,closed,User,TRUE,closed,3,1,5,0,COLLABORATOR
658949840,PullRequestEvent,closed,User,TRUE,closed,3,1,5,0,COLLABORATOR
658949840,PullRequestEvent,closed,User,TRUE,closed,1,0,1,0,COLLABORATOR
658949840,PullRequestEvent,closed,User,TRUE,closed,1,0,1,0,COLLABORATOR
658949840,PullRequestEvent,closed,User,TRUE,closed,3,0,93,0,COLLABORATOR
658949840,PullRequestEvent,closed,User,TRUE,closed,3,0,93,0,COLLABORATOR
658949840,PullRequestEvent,closed,User,TRUE,closed,11,27,276,2,CONTRIBUTOR
658949840,PullRequestEvent,closed,User,TRUE,closed,11,27,276,2,CONTRIBUTOR
658949840,PullRequestEvent,closed,User,TRUE,closed,8,4,79,0,COLLABORATOR
658949840,PullRequestEvent,closed,User,TRUE,closed,8,4,79,0,COLLABORATOR
658949840,PullRequestEvent,closed,User,TRUE,closed,1,0,3,0,COLLABORATOR
658949840,PullRequestEvent,closed,User,TRUE,closed,1,0,3,0,COLLABORATOR
658949840,PullRequestEvent,opened,User,FALSE,open,10,1882,1280,0,CONTRIBUTOR
658949840,PullRequestEvent,opened,User,FALSE,open,10,1882,1280,0,CONTRIBUTOR
658949840,PullRequestEvent,closed,User,TRUE,closed,1,5,9,0,CONTRIBUTOR
658949840,PullRequestEvent,closed,User,TRUE,closed,1,5,9,0,CONTRIBUTOR
658949840,PullRequestEvent,created,User,,open,,,,,CONTRIBUTOR
658949840,PullRequestEvent,created,User,,open,,,,,CONTRIBUTOR
658949840,PullRequestEvent,closed,User,TRUE,closed,2,0,60,0,COLLABORATOR
658949840,PullRequestEvent,closed,User,TRUE,closed,2,0,60,0,COLLABORATOR
658949840,PullRequestEvent,closed,User,FALSE,closed,10,1882,1280,0,CONTRIBUTOR
658949840,PullRequestEvent,closed,User,FALSE,closed,10,1882,1280,0,CONTRIBUTOR
658949840,PullRequestEvent,created,User,,closed,,,,,COLLABORATOR
658949840,PullRequestEvent,created,User,,closed,,,,,COLLABORATOR
658949840,PullRequestEvent,closed,User,TRUE,closed,1,2,2,0,OWNER
658949840,PullRequestEvent,closed,User,TRUE,closed,1,2,2,0,OWNER
658949840,PullRequestEvent,created,User,,open,,,,,NONE
658949840,PullRequestEvent,created,User,,open,,,,,NONE
658949840,PullRequestEvent,closed,User,TRUE,closed,4,153,0,0,COLLABORATOR
658949840,PullRequestEvent,closed,User,TRUE,closed,4,153,0,0,COLLABORATOR
658949840,PullRequestEvent,closed,User,TRUE,closed,2,3,70,0,COLLABORATOR
658949840,PullRequestEvent,closed,User,TRUE,closed,2,3,70,0,COLLABORATOR
658949840,PullRequestEvent,closed,User,TRUE,closed,7,99,236,0,COLLABORATOR
658949840,PullRequestEvent,closed,User,TRUE,closed,7,99,236,0,COLLABORATOR
658949840,PullRequestEvent,opened,User,FALSE,open,2,3,3,0,COLLABORATOR
658949840,PullRequestEvent,opened,User,FALSE,open,2,3,3,0,COLLABORATOR
658949840,PullRequestEvent,closed,User,FALSE,closed,14,5,424,0,COLLABORATOR
658949840,PullRequestEvent,closed,User,FALSE,closed,14,5,424,0,COLLABORATOR
658949840,PullRequestEvent,closed,User,TRUE,closed,2,0,5,0,COLLABORATOR
658949840,PullRequestEvent,closed,User,TRUE,closed,2,0,5,0,COLLABORATOR
658949840,PullRequestEvent,opened,User,FALSE,open,18,299,241,0,COLLABORATOR
658949840,PullRequestEvent,opened,User,FALSE,open,18,299,241,0,COLLABORATOR
658949840,PullRequestEvent,closed,User,TRUE,closed,2,9,38,0,OWNER
658949840,PullRequestEvent,closed,User,TRUE,closed,2,9,38,0,OWNER
658949840,PullRequestEvent,closed,User,TRUE,closed,22,298,387,0,COLLABORATOR
658949840,PullRequestEvent,closed,User,TRUE,closed,22,298,387,0,COLLABORATOR
658949840,PullRequestEvent,closed,User,TRUE,closed,1,0,1,0,OWNER
658949840,PullRequestEvent,closed,User,TRUE,closed,1,0,1,0,OWNER
658949840,PullRequestEvent,closed,User,FALSE,closed,11,65,122,0,NONE
658949840,PullRequestEvent,closed,User,FALSE,closed,11,65,122,0,NONE
658949840,PullRequestEvent,closed,User,TRUE,closed,5,0,559,0,OWNER
658949840,PullRequestEvent,closed,User,TRUE,closed,5,0,559,0,OWNER
658949840,PullRequestEvent,opened,User,FALSE,open,4,4,60,0,NONE
658949840,PullRequestEvent,opened,User,FALSE,open,4,4,60,0,NONE
658949840,PullRequestEvent,closed,User,TRUE,closed,9,72,65,4,CONTRIBUTOR
658949840,PullRequestEvent,closed,User,FALSE,closed,88,2355,3298,0,NONE
658949840,PullRequestEvent,closed,User,FALSE,closed,88,2355,3298,0,NONE
658949840,PullRequestEvent,opened,User,FALSE,open,6,86,99,0,COLLABORATOR
658949840,PullRequestEvent,opened,User,FALSE,open,6,86,99,0,COLLABORATOR
658949840,PullRequestEvent,closed,User,TRUE,closed,3,28,40,0,COLLABORATOR
658949840,PullRequestEvent,closed,User,TRUE,closed,3,28,40,0,COLLABORATOR
658949840,PullRequestEvent,closed,User,TRUE,closed,1,3,3,0,COLLABORATOR
658949840,PullRequestEvent,closed,User,TRUE,closed,1,3,3,0,COLLABORATOR
658949840,PullRequestReviewEvent,closed,User,TRUE,closed,8,4,484,0,OWNER
658949840,PullRequestReviewEvent,closed,User,FALSE,closed,1,0,4,0,CONTRIBUTOR
658949840,PullRequestReviewEvent,opened,User,FALSE,open,1,1,1,0,NONE
658949840,PullRequestReviewEvent,opened,Bot,FALSE,open,1,3,3,0,NONE
658949840,PullRequestReviewEvent,closed,Bot,TRUE,closed,1,1,1,0,NONE
658949840,PullRequestReviewEvent,closed,User,TRUE,closed,7,33,159,0,COLLABORATOR
658949840,PullRequestEvent,opened,User,FALSE,open,28,132,718,0,NONE
658949840,PullRequestEvent,closed,User,TRUE,closed,2,59,86,0,COLLABORATOR
658949840,PullRequestEvent,closed,User,TRUE,closed,2,59,86,0,COLLABORATOR
658949840,PullRequestEvent,closed,User,TRUE,closed,2,13,8,0,COLLABORATOR
658949840,PullRequestEvent,closed,User,TRUE,closed,2,13,8,0,COLLABORATOR
658949840,PullRequestEvent,closed,User,TRUE,closed,11,87,277,0,COLLABORATOR
658949840,PullRequestEvent,closed,User,TRUE,closed,11,87,277,0,COLLABORATOR
658949840,PullRequestEvent,closed,User,TRUE,closed,1,0,1,0,COLLABORATOR
658949840,PullRequestEvent,closed,User,TRUE,closed,1,0,1,0,COLLABORATOR
658949840,PullRequestEvent,closed,User,TRUE,closed,1,1,1,0,NONE
658949840,PullRequestEvent,closed,User,TRUE,closed,1,1,1,0,NONE
658949840,PullRequestEvent,closed,User,TRUE,closed,2,2,2,0,COLLABORATOR
658949840,PullRequestEvent,closed,User,TRUE,closed,2,2,2,0,COLLABORATOR
658949840,PullRequestEvent,closed,User,TRUE,closed,1,6,17,0,COLLABORATOR
658949840,PullRequestEvent,closed,User,TRUE,closed,1,6,17,0,COLLABORATOR
658949840,PullRequestEvent,closed,User,TRUE,closed,1,1,1,0,COLLABORATOR
658949840,PullRequestEvent,closed,User,TRUE,closed,1,1,1,0,COLLABORATOR
658949840,PullRequestEvent,closed,User,TRUE,closed,1,2,2,0,COLLABORATOR
658949840,PullRequestEvent,closed,User,TRUE,closed,6,31,41,0,OWNER
658949840,PullRequestEvent,closed,User,TRUE,closed,6,31,41,0,OWNER
658949840,PullRequestEvent,closed,User,TRUE,closed,8,50,119,0,COLLABORATOR
658949840,PullRequestEvent,closed,User,TRUE,closed,8,50,119,0,COLLABORATOR
658949840,PullRequestEvent,closed,User,TRUE,closed,3,5,46,0,COLLABORATOR
658949840,PullRequestEvent,closed,User,TRUE,closed,3,5,46,0,COLLABORATOR
658949840,PullRequestEvent,created,User,,open,,,,,NONE
658949840,PullRequestEvent,created,User,,open,,,,,NONE
658949840,PullRequestEvent,closed,User,FALSE,closed,1,1,1,0,COLLABORATOR
658949840,PullRequestEvent,closed,User,FALSE,closed,1,1,1,0,COLLABORATOR
658949840,PullRequestEvent,closed,User,TRUE,closed,1,1,1,0,COLLABORATOR
658949840,PullRequestEvent,closed,User,TRUE,closed,1,1,1,0,COLLABORATOR
658949840,PullRequestEvent,closed,User,TRUE,closed,1,0,2,0,COLLABORATOR
658949840,PullRequestEvent,closed,User,TRUE,closed,1,0,2,0,COLLABORATOR
658949840,PullRequestEvent,opened,User,FALSE,open,1,1,1,0,NONE
658949840,PullRequestEvent,opened,User,FALSE,open,1,1,1,0,NONE
658949840,PullRequestEvent,closed,User,TRUE,closed,5,42,55,0,COLLABORATOR
658949840,PullRequestEvent,closed,User,TRUE,closed,5,42,55,0,COLLABORATOR
658949840,PullRequestEvent,closed,User,TRUE,closed,3,79,142,0,COLLABORATOR
658949840,PullRequestEvent,closed,User,TRUE,closed,3,79,142,0,COLLABORATOR
658949840,PullRequestEvent,closed,User,TRUE,closed,17,101,827,0,COLLABORATOR
658949840,PullRequestEvent,closed,User,TRUE,closed,17,101,827,0,COLLABORATOR
658949840,PullRequestEvent,closed,User,TRUE,closed,2,0,7,0,COLLABORATOR
658949840,PullRequestEvent,closed,User,TRUE,closed,2,0,7,0,COLLABORATOR
658949840,PullRequestEvent,closed,User,TRUE,closed,9,14,28,0,NONE
658949840,PullRequestEvent,closed,User,TRUE,closed,9,14,28,0,NONE
658949840,PullRequestEvent,closed,User,TRUE,closed,2,1,3,2,COLLABORATOR
658949840,PullRequestEvent,closed,User,TRUE,closed,2,1,3,2,COLLABORATOR
658949840,PullRequestEvent,closed,User,FALSE,closed,5,0,166,0,NONE
658949840,PullRequestEvent,closed,User,FALSE,closed,5,0,166,0,NONE
658949840,PullRequestEvent,closed,User,TRUE,closed,1,0,2,0,COLLABORATOR
658949840,PullRequestEvent,closed,User,TRUE,closed,1,0,2,0,COLLABORATOR
658949840,PullRequestEvent,created,User,,open,,,,,NONE
658949840,PullRequestEvent,closed,User,FALSE,closed,203,39893,0,0,NONE
658949840,PullRequestEvent,closed,User,FALSE,closed,203,39893,0,0,NONE
658949840,PullRequestEvent,closed,User,TRUE,closed,2,0,3,0,NONE
658949840,PullRequestEvent,closed,User,TRUE,closed,2,0,3,0,NONE
658949840,PullRequestEvent,closed,User,TRUE,closed,1,2,7,0,CONTRIBUTOR
658949840,PullRequestEvent,closed,User,TRUE,closed,1,2,7,0,CONTRIBUTOR
658949840,PullRequestEvent,closed,User,TRUE,closed,6,159,192,0,COLLABORATOR
658949840,PullRequestEvent,closed,User,TRUE,closed,6,159,192,0,COLLABORATOR
658949840,PullRequestEvent,closed,User,TRUE,closed,1,2,2,0,OWNER
658949840,PullRequestEvent,closed,User,TRUE,closed,1,2,2,0,OWNER
658949840,PullRequestEvent,closed,User,TRUE,closed,6,144,173,0,COLLABORATOR
658949840,PullRequestEvent,closed,User,TRUE,closed,6,144,173,0,COLLABORATOR
658949840,PullRequestEvent,closed,User,TRUE,closed,1,1,0,0,COLLABORATOR
658949840,PullRequestEvent,closed,User,TRUE,closed,1,1,0,0,COLLABORATOR
658949840,PullRequestEvent,closed,User,TRUE,closed,7,78,151,0,COLLABORATOR
658949840,PullRequestEvent,closed,User,TRUE,closed,7,78,151,0,COLLABORATOR
658949840,PullRequestEvent,closed,User,TRUE,closed,11,15,89,0,COLLABORATOR
658949840,PullRequestEvent,closed,User,TRUE,closed,11,15,89,0,COLLABORATOR
658949840,PullRequestEvent,opened,User,FALSE,open,1,1,12,0,COLLABORATOR
658949840,PullRequestEvent,opened,User,FALSE,open,1,1,12,0,COLLABORATOR
658949840,PullRequestEvent,opened,User,FALSE,open,11,19,437,0,CONTRIBUTOR
658949840,PullRequestEvent,closed,User,TRUE,closed,2,2,2,0,NONE
658949840,PullRequestEvent,closed,User,TRUE,closed,2,2,2,0,NONE
658949840,PullRequestEvent,closed,User,TRUE,closed,2,0,2,0,COLLABORATOR
658949840,PullRequestEvent,closed,User,TRUE,closed,2,0,2,0,COLLABORATOR
658949840,PullRequestEvent,closed,User,FALSE,closed,13,201,503,0,COLLABORATOR
658949840,PullRequestEvent,closed,User,FALSE,closed,13,201,503,0,COLLABORATOR
658949840,PullRequestEvent,closed,User,TRUE,closed,12,189,410,0,COLLABORATOR
658949840,PullRequestEvent,closed,User,TRUE,closed,12,189,410,0,COLLABORATOR
658949840,PullRequestEvent,closed,User,TRUE,closed,3,0,19,0,COLLABORATOR
658949840,PullRequestEvent,closed,User,TRUE,closed,3,0,19,0,COLLABORATOR
658949840,PullRequestEvent,closed,User,TRUE,closed,2,19,30,0,COLLABORATOR
658949840,PullRequestEvent,closed,User,TRUE,closed,2,19,30,0,COLLABORATOR
658949840,PullRequestEvent,closed,User,TRUE,closed,6,191,167,2,COLLABORATOR
658949840,PullRequestEvent,closed,User,TRUE,closed,6,191,167,2,COLLABORATOR
658949840,PullRequestEvent,closed,User,TRUE,closed,2,2,2,0,COLLABORATOR
658949840,PullRequestEvent,closed,User,TRUE,closed,2,2,2,0,COLLABORATOR
658949840,PullRequestEvent,closed,User,TRUE,closed,2,3,2,0,COLLABORATOR
658949840,PullRequestEvent,closed,User,TRUE,closed,2,3,2,0,COLLABORATOR
658949840,PullRequestEvent,closed,User,TRUE,closed,3,19,29,0,COLLABORATOR
658949840,PullRequestEvent,closed,User,TRUE,closed,3,19,29,0,COLLABORATOR
658949840,PullRequestEvent,closed,User,TRUE,closed,1,0,2,2,NONE
658949840,PullRequestEvent,closed,User,TRUE,closed,1,0,2,2,NONE
658949840,PullRequestEvent,closed,User,TRUE,closed,5,28,115,0,COLLABORATOR
658949840,PullRequestEvent,closed,User,TRUE,closed,5,28,115,0,COLLABORATOR
658949840,PullRequestEvent,closed,User,TRUE,closed,9,27,70,1,COLLABORATOR
658949840,PullRequestEvent,closed,User,TRUE,closed,9,27,70,1,COLLABORATOR
658949840,PullRequestEvent,closed,User,TRUE,closed,2,0,78,0,COLLABORATOR
658949840,PullRequestEvent,closed,User,TRUE,closed,2,0,78,0,COLLABORATOR
658949840,PullRequestEvent,closed,User,TRUE,closed,2,3,3,0,COLLABORATOR
658949840,PullRequestEvent,closed,User,TRUE,closed,2,3,3,0,COLLABORATOR
658949840,PullRequestEvent,closed,User,TRUE,closed,4,4,32,0,COLLABORATOR
658949840,PullRequestEvent,closed,User,TRUE,closed,4,4,32,0,COLLABORATOR
658949840,PullRequestEvent,closed,User,TRUE,closed,19,183,205,0,CONTRIBUTOR
658949840,PullRequestEvent,closed,User,TRUE,closed,19,183,205,0,CONTRIBUTOR
658949840,PullRequestEvent,opened,User,FALSE,open,4,25,23,0,COLLABORATOR
658949840,PullRequestEvent,opened,User,FALSE,open,4,25,23,0,COLLABORATOR
658949840,PullRequestEvent,closed,User,TRUE,closed,2,4,49,0,COLLABORATOR
658949840,PullRequestEvent,closed,User,TRUE,closed,2,4,49,0,COLLABORATOR
658949840,PullRequestEvent,created,User,,open,,,,,CONTRIBUTOR
658949840,PullRequestEvent,created,User,,open,,,,,CONTRIBUTOR
658949840,PullRequestEvent,created,User,,open,,,,,CONTRIBUTOR
658949840,PullRequestEvent,created,User,,open,,,,,CONTRIBUTOR
658949840,PullRequestEvent,closed,User,TRUE,closed,3,6,7,1,COLLABORATOR
658949840,PullRequestEvent,closed,User,TRUE,closed,3,6,7,1,COLLABORATOR
658949840,PullRequestEvent,closed,User,TRUE,closed,2,2,60,0,COLLABORATOR
658949840,PullRequestEvent,closed,User,TRUE,closed,2,2,60,0,COLLABORATOR
658949840,PullRequestEvent,closed,User,TRUE,closed,1,2,2,0,COLLABORATOR
658949840,PullRequestEvent,closed,User,TRUE,closed,1,2,2,0,COLLABORATOR
658949840,PullRequestEvent,closed,User,TRUE,closed,1,0,32,0,COLLABORATOR
658949840,PullRequestEvent,closed,User,TRUE,closed,1,0,32,0,COLLABORATOR
658949840,PullRequestEvent,closed,User,TRUE,closed,4,25,23,0,COLLABORATOR
658949840,PullRequestEvent,closed,User,TRUE,closed,4,25,23,0,COLLABORATOR
658949840,PullRequestEvent,opened,User,FALSE,open,9,3,331,0,COLLABORATOR
658949840,PullRequestEvent,opened,User,FALSE,open,2,22,26,0,CONTRIBUTOR
658949840,PullRequestEvent,closed,User,TRUE,closed,1,0,1,0,COLLABORATOR
658949840,PullRequestEvent,closed,User,TRUE,closed,1,0,1,0,COLLABORATOR
658949840,PullRequestEvent,closed,User,TRUE,closed,16,39,225,1,COLLABORATOR
658949840,PullRequestEvent,closed,User,TRUE,closed,16,39,225,1,COLLABORATOR
658949840,PullRequestEvent,closed,User,TRUE,closed,10,20,349,0,COLLABORATOR
658949840,PullRequestEvent,closed,User,TRUE,closed,10,20,349,0,COLLABORATOR
658949840,PullRequestEvent,closed,User,TRUE,closed,1,0,3,0,NONE
658949840,PullRequestEvent,closed,User,TRUE,closed,1,0,3,0,NONE
658949840,PullRequestEvent,closed,User,FALSE,closed,1,0,3,0,NONE
658949840,PullRequestEvent,closed,User,FALSE,closed,1,0,3,0,NONE
658949840,PullRequestEvent,opened,User,FALSE,open,8,35,214,0,CONTRIBUTOR
658949840,PullRequestEvent,opened,User,FALSE,open,8,35,214,0,CONTRIBUTOR
658949840,PullRequestEvent,closed,User,TRUE,closed,5,10,12,0,COLLABORATOR
658949840,PullRequestEvent,closed,User,TRUE,closed,5,10,12,0,COLLABORATOR
658949840,PullRequestEvent,closed,User,FALSE,closed,10,24,73,0,CONTRIBUTOR
658949840,PullRequestEvent,closed,User,FALSE,closed,10,24,73,0,CONTRIBUTOR
658949840,PullRequestEvent,closed,User,TRUE,closed,2,7,9,0,COLLABORATOR
658949840,PullRequestEvent,closed,User,TRUE,closed,2,7,9,0,COLLABORATOR
658949840,PullRequestEvent,closed,User,TRUE,closed,8,6,40,0,COLLABORATOR
658949840,PullRequestEvent,closed,User,TRUE,closed,8,6,40,0,COLLABORATOR
658949840,PullRequestEvent,closed,User,TRUE,closed,3,3,12,0,COLLABORATOR
658949840,PullRequestEvent,closed,User,TRUE,closed,3,3,12,0,COLLABORATOR
658949840,PullRequestEvent,closed,User,TRUE,closed,2,12,17,0,COLLABORATOR
658949840,PullRequestEvent,closed,User,TRUE,closed,2,12,17,0,COLLABORATOR
658949840,PullRequestEvent,opened,User,FALSE,open,8,6,304,0,CONTRIBUTOR
658949840,PullRequestEvent,opened,User,FALSE,open,8,6,304,0,CONTRIBUTOR
658949840,PullRequestEvent,closed,User,TRUE,closed,8,3,109,0,OWNER
658949840,PullRequestEvent,closed,User,TRUE,closed,8,3,109,0,OWNER
658949840,PullRequestEvent,closed,User,TRUE,closed,1,0,1,0,COLLABORATOR
658949840,PullRequestEvent,closed,User,TRUE,closed,1,0,1,0,COLLABORATOR
658949840,PullRequestEvent,opened,User,FALSE,open,1,1,4,0,COLLABORATOR
658949840,PullRequestEvent,closed,User,TRUE,closed,1,0,1,0,COLLABORATOR
658949840,PullRequestEvent,closed,User,TRUE,closed,1,0,1,0,COLLABORATOR
658949840,PullRequestEvent,closed,User,TRUE,closed,5,24,109,0,COLLABORATOR
658949840,PullRequestEvent,closed,User,TRUE,closed,5,24,109,0,COLLABORATOR
658949840,PullRequestEvent,closed,User,TRUE,closed,7,7,123,0,COLLABORATOR
658949840,PullRequestEvent,closed,User,TRUE,closed,7,7,123,0,COLLABORATOR
658949840,PullRequestEvent,created,User,,open,,,,,NONE
658949840,PullRequestEvent,closed,User,TRUE,closed,1,1,9,0,COLLABORATOR
658949840,PullRequestEvent,closed,User,TRUE,closed,1,1,9,0,COLLABORATOR
658949840,PullRequestEvent,opened,User,FALSE,open,1,12,20,0,COLLABORATOR
658949840,PullRequestEvent,opened,User,FALSE,open,1,12,20,0,COLLABORATOR
658949840,PullRequestEvent,closed,User,TRUE,closed,2,2,4,0,COLLABORATOR
658949840,PullRequestEvent,closed,User,TRUE,closed,2,2,4,0,COLLABORATOR
658949840,PullRequestEvent,created,User,,open,,,,,NONE
658949840,PullRequestEvent,closed,User,TRUE,closed,1,2,70,0,COLLABORATOR
658949840,PullRequestEvent,closed,User,TRUE,closed,1,2,70,0,COLLABORATOR
658949840,PullRequestEvent,created,User,,open,,,,,NONE
658949840,PullRequestEvent,closed,User,TRUE,closed,6,3,14,0,COLLABORATOR
658949840,PullRequestEvent,closed,User,TRUE,closed,6,3,14,0,COLLABORATOR
658949840,PullRequestEvent,opened,User,FALSE,open,9,3,331,0,COLLABORATOR
658949840,PullRequestEvent,closed,User,TRUE,closed,2,2,32,0,COLLABORATOR
658949840,PullRequestEvent,closed,User,TRUE,closed,2,2,32,0,COLLABORATOR
658949840,PullRequestEvent,closed,User,TRUE,closed,1,1,1,0,OWNER
658949840,PullRequestEvent,closed,User,TRUE,closed,1,1,1,0,OWNER
658949840,PullRequestEvent,closed,User,TRUE,closed,1,1,1,0,COLLABORATOR
658949840,PullRequestEvent,closed,User,TRUE,closed,1,1,1,0,COLLABORATOR
658949840,PullRequestEvent,closed,User,TRUE,closed,49,1317,2488,0,CONTRIBUTOR
658949840,PullRequestEvent,closed,User,TRUE,closed,49,1317,2488,0,CONTRIBUTOR
658949840,PullRequestEvent,opened,User,FALSE,open,6,64,35,0,COLLABORATOR
658949840,PullRequestEvent,closed,User,TRUE,closed,1,2,2,0,COLLABORATOR
658949840,PullRequestEvent,closed,User,TRUE,closed,1,2,2,0,COLLABORATOR
658949840,PullRequestEvent,closed,User,TRUE,closed,15,32,86,5,CONTRIBUTOR
658949840,PullRequestEvent,closed,User,TRUE,closed,15,32,86,5,CONTRIBUTOR
658949840,PullRequestEvent,opened,User,FALSE,open,8,4,168,0,OWNER
658949840,PullRequestEvent,opened,User,FALSE,open,8,4,168,0,OWNER
658949840,PullRequestEvent,closed,User,TRUE,closed,1,2,14,0,COLLABORATOR
658949840,PullRequestEvent,closed,User,TRUE,closed,1,2,14,0,COLLABORATOR
658949840,PullRequestEvent,closed,User,TRUE,closed,3,11,37,0,COLLABORATOR
658949840,PullRequestEvent,closed,User,TRUE,closed,3,11,37,0,COLLABORATOR
658949840,PullRequestEvent,closed,User,TRUE,closed,1,4,4,0,COLLABORATOR
658949840,PullRequestEvent,closed,User,TRUE,closed,1,4,4,0,COLLABORATOR
658949840,PullRequestEvent,closed,User,TRUE,closed,1,1,3,0,COLLABORATOR
658949840,PullRequestEvent,closed,User,TRUE,closed,1,1,3,0,COLLABORATOR
658949840,PullRequestEvent,closed,User,TRUE,closed,2,1,4,0,COLLABORATOR
658949840,PullRequestEvent,closed,User,TRUE,closed,2,1,4,0,COLLABORATOR
658949840,PullRequestEvent,closed,User,TRUE,closed,3,311,418,0,CONTRIBUTOR
658949840,PullRequestEvent,closed,User,TRUE,closed,3,311,418,0,CONTRIBUTOR
658949840,PullRequestEvent,closed,User,TRUE,closed,5,6,106,0,COLLABORATOR
658949840,PullRequestEvent,closed,User,TRUE,closed,5,6,106,0,COLLABORATOR
658949840,PullRequestEvent,closed,User,TRUE,closed,2,1,43,0,COLLABORATOR
658949840,PullRequestEvent,closed,User,TRUE,closed,2,1,43,0,COLLABORATOR
658949840,PullRequestEvent,closed,User,TRUE,closed,2,1,2,2,CONTRIBUTOR
658949840,PullRequestEvent,closed,User,TRUE,closed,2,1,2,2,CONTRIBUTOR
658949840,PullRequestEvent,closed,User,TRUE,closed,2,1,2,2,CONTRIBUTOR
658949840,PullRequestEvent,closed,User,TRUE,closed,2,1,2,2,CONTRIBUTOR
658949840,PullRequestEvent,closed,User,TRUE,closed,8,10,53,0,COLLABORATOR
658949840,PullRequestEvent,closed,User,TRUE,closed,8,10,53,0,COLLABORATOR
658949840,PullRequestEvent,opened,User,FALSE,open,3,11,47,0,COLLABORATOR
658949840,PullRequestEvent,opened,User,FALSE,open,3,11,47,0,COLLABORATOR
658949840,PullRequestEvent,closed,User,TRUE,closed,6,0,142,0,NONE
658949840,PullRequestEvent,closed,User,TRUE,closed,6,0,142,0,NONE
658949840,PullRequestEvent,closed,User,TRUE,closed,1,7,6,0,OWNER
658949840,PullRequestEvent,closed,User,TRUE,closed,1,7,6,0,OWNER
658949840,PullRequestEvent,closed,User,TRUE,closed,18,15,45,0,COLLABORATOR
658949840,PullRequestEvent,closed,User,TRUE,closed,18,15,45,0,COLLABORATOR
658949840,PullRequestEvent,closed,User,TRUE,closed,2,25,37,0,CONTRIBUTOR
658949840,PullRequestEvent,closed,User,TRUE,closed,2,25,37,0,CONTRIBUTOR
658949840,PullRequestEvent,closed,User,TRUE,closed,1,0,196,2,NONE
658949840,PullRequestEvent,closed,User,TRUE,closed,1,0,196,2,NONE
658949840,PullRequestEvent,closed,User,TRUE,closed,3,0,73,0,COLLABORATOR
658949840,PullRequestEvent,closed,User,TRUE,closed,3,0,73,0,COLLABORATOR
658949840,PullRequestEvent,closed,User,TRUE,closed,5,8,124,0,COLLABORATOR
658949840,PullRequestEvent,closed,User,TRUE,closed,5,8,124,0,COLLABORATOR
658949840,PullRequestEvent,closed,User,TRUE,closed,1,1,2,0,COLLABORATOR
658949840,PullRequestEvent,closed,User,TRUE,closed,1,1,2,0,COLLABORATOR
658949840,PullRequestEvent,opened,User,FALSE,open,11,19,319,0,COLLABORATOR
658949840,PullRequestEvent,opened,User,FALSE,open,11,19,319,0,COLLABORATOR
658949840,PullRequestEvent,created,User,,open,,,,,NONE
658949840,PullRequestEvent,closed,User,TRUE,closed,3,11,16,0,OWNER
658949840,PullRequestEvent,closed,User,TRUE,closed,3,11,16,0,OWNER
658949840,PullRequestEvent,closed,User,TRUE,closed,1,0,4,0,COLLABORATOR
658949840,PullRequestEvent,closed,User,TRUE,closed,1,0,4,0,COLLABORATOR
658949840,PullRequestEvent,closed,User,TRUE,closed,8,8,310,3,CONTRIBUTOR
658949840,PullRequestEvent,closed,User,TRUE,closed,8,8,310,3,CONTRIBUTOR
658949840,PullRequestEvent,closed,User,TRUE,closed,11,19,320,0,COLLABORATOR
658949840,PullRequestEvent,closed,User,TRUE,closed,11,19,320,0,COLLABORATOR
658949840,PullRequestEvent,closed,User,TRUE,closed,1,0,2,0,COLLABORATOR
658949840,PullRequestEvent,closed,User,TRUE,closed,1,0,2,0,COLLABORATOR
658949840,PullRequestEvent,opened,User,FALSE,open,3,0,36,0,COLLABORATOR
658949840,PullRequestEvent,closed,User,TRUE,closed,7,153,330,0,COLLABORATOR
658949840,PullRequestEvent,closed,User,TRUE,closed,7,153,330,0,COLLABORATOR
658949840,PullRequestEvent,opened,User,FALSE,open,1,2,70,0,COLLABORATOR
658949840,PullRequestEvent,opened,User,FALSE,open,1,2,70,0,COLLABORATOR
658949840,PullRequestEvent,closed,User,TRUE,closed,1,0,12,0,COLLABORATOR
658949840,PullRequestEvent,closed,User,TRUE,closed,1,0,12,0,COLLABORATOR
658949840,PullRequestEvent,closed,User,TRUE,closed,1,12,20,0,COLLABORATOR
658949840,PullRequestEvent,closed,User,TRUE,closed,1,12,20,0,COLLABORATOR
